順位,都道府県,市区町村,待機児童数
1,東京都,杉並区,481
2,兵庫県,宝塚市,329
3,兵庫県,尼崎市,323
4,千葉県,市川市,283
5,東京都,中央区,275
6,神奈川県,茅ヶ崎市,257
7,兵庫県,姫路市,255
8,神奈川県,藤沢市,254
9,東京都,目黒区,246
10,埼玉県,所沢市,227
11,東京都,葛飾区,227
12,東京都,立川市,219
13,兵庫県,西宮市,218
14,埼玉県,朝霞市,209
15,埼玉県,越谷市,208
16,埼玉県,さいたま市,197
17,大阪府,東大阪市,197
18,静岡県,浜松市,189
19,東京都,足立区,179
20,宮崎県,宮崎市,175
21,東京都,東村山市,158
22,千葉県,船橋市,157
23,神奈川県,相模原市,157
24,東京都,大田区,155
25,千葉県,柏市,147
26,東京都,東久留米市,147
27,愛媛県,四国中央市,146
28,岩手県,奥州市,142
29,愛知県,岡崎市,142
30,東京都,稲城市,141
31,香川県,高松市,140
32,大阪府,岸和田市,136
33,愛媛県,松山市,132
34,千葉県,八千代市,130
35,神奈川県,伊勢原市,125
36,東京都,多摩市,119
37,東京都,狛江市,116
38,兵庫県,川西市,111
39,埼玉県,春日部市,110
40,愛知県,豊川市,107
41,沖縄県,那覇市,107
42,愛知県,西尾市,103
43,福島県,喜多方市,101
44,宮崎県,日向市,101
45,山口県,山口市,99
46,埼玉県,狭山市,98
47,埼玉県,熊谷市,96
48,東京都,清瀬市,96
49,宮城県,亘理町,90
50,埼玉県,入間市,86
51,埼玉県,八潮市,86
52,山口県,下関市,86
53,沖縄県,読谷村,83
54,北海道,江別市,82
55,埼玉県,東松山市,82
56,佐賀県,唐津市,79
57,沖縄県,沖縄市,79
58,沖縄県,南風原町,78
59,神奈川県,座間市,77
60,愛知県,長久手市,77
61,京都府,京田辺市,77
62,千葉県,印西市,76
63,東京都,武蔵村山市,74
64,沖縄県,宮古島市,74
65,沖縄県,八重瀬町,73
66,東京都,東大和市,71
67,東京都,西東京市,70
68,大阪府,貝塚市,70
69,宮城県,石巻市,69
70,東京都,文京区,68
71,栃木県,栃木市,66
72,沖縄県,糸満市,66
73,東京都,青梅市,64
74,広島県,尾道市,64
75,東京都,町田市,63
76,東京都,調布市,60
77,東京都,昭島市,56
78,神奈川県,寒川町,56
79,高知県,高知市,56
80,福岡県,須恵町,56
81,福岡県,粕屋町,56
82,沖縄県,宜野湾市,56
83,兵庫県,三木市,55
84,東京都,台東区,54
85,岡山県,岡山市,53
86,愛知県,豊橋市,52
87,愛知県,尾張旭市,51
88,北海道,苫小牧市,50
