区分,№,名称,クラブ数,登録児童数,待機児童数,前年の待機児童数,増減
都道府県,1,北海道,601,30283,218,166,52
都道府県,2,青森県,184,12500,4,0,4
都道府県,3,岩手県,292,13565,142,127,15
都道府県,4,宮城県,278,17478,300,311,-11
都道府県,5,秋田県,178,9494,30,17,13
都道府県,6,山形県,242,13287,83,97,-14
都道府県,7,福島県,240,15439,242,419,-177
都道府県,8,茨城県,578,42011,105,214,-109
都道府県,9,栃木県,540,23529,125,76,49
都道府県,10,群馬県,392,19316,2,7,-5
都道府県,11,埼玉県,1044,57658,1276,1449,-173
都道府県,12,千葉県,807,51631,802,831,-29
都道府県,13,東京都,1999,140589,3360,3731,-371
都道府県,14,神奈川県,489,27250,880,664,216
都道府県,15,新潟県,346,17956,49,6,43
都道府県,16,富山県,173,7329,51,60,-9
都道府県,17,石川県,241,11082,0,0,0
都道府県,18,福井県,167,8390,0,0,0
都道府県,19,山梨県,170,10371,20,17,3
都道府県,20,長野県,288,19783,33,6,27
都道府県,21,岐阜県,287,15711,116,105,11
都道府県,22,静岡県,511,24087,266,295,-29
都道府県,23,愛知県,700,43774,508,393,115
都道府県,24,三重県,442,20728,65,54,11
都道府県,25,滋賀県,281,17950,87,124,-37
都道府県,26,京都府,233,16651,113,124,-11
都道府県,27,大阪府,355,32066,325,352,-27
都道府県,28,兵庫県,513,26611,668,483,185
都道府県,29,奈良県,217,14430,70,58,12
都道府県,30,和歌山県,145,6361,43,49,-6
都道府県,31,鳥取県,125,5698,48,42,6
都道府県,32,島根県,178,6670,27,94,-67
都道府県,33,岡山県,220,10160,24,49,-25
都道府県,34,広島県,277,14218,129,104,25
都道府県,35,山口県,265,14790,206,403,-197
都道府県,36,徳島県,153,8213,66,64,2
都道府県,37,香川県,138,8817,19,97,-78
都道府県,38,愛媛県,179,9492,256,189,67
都道府県,39,高知県,101,3618,167,121,46
都道府県,40,福岡県,446,33220,435,473,-38
都道府県,41,佐賀県,288,12496,229,152,77
都道府県,42,長崎県,253,10876,49,79,-30
都道府県,43,熊本県,338,14677,110,153,-43
都道府県,44,大分県,237,9783,43,69,-26
都道府県,45,宮崎県,240,9485,181,216,-35
都道府県,46,鹿児島県,444,18048,82,84,-2
都道府県,47,沖縄県,513,21552,718,846,-128
指定都市・中核市等,48,札幌市,248,26730,0,0,0
指定都市・中核市等,49,仙台市,244,16843,20,4,16
指定都市・中核市等,50,さいたま市,337,14116,197,288,-91
指定都市・中核市等,51,千葉市,205,14892,0,0,0
指定都市・中核市等,52,横浜市,571,48691,0,0,0
指定都市・中核市等,53,川崎市,141,18829,0,0,0
指定都市・中核市等,54,相模原市,126,7630,157,103,54
指定都市・中核市等,55,新潟市,185,13378,0,0,0
指定都市・中核市等,56,静岡市,98,6196,12,51,-39
指定都市・中核市等,57,浜松市,180,7890,189,202,-13
指定都市・中核市等,58,名古屋市,230,9956,49,34,15
指定都市・中核市等,59,京都市,223,17602,0,0,0
指定都市・中核市等,60,大阪市,186,6261,0,0,0
指定都市・中核市等,61,堺市,93,9196,0,0,0
指定都市・中核市等,62,神戸市,253,19623,0,0,0
指定都市・中核市等,63,岡山市,106,10373,53,236,-183
指定都市・中核市等,64,広島市,226,13733,47,96,-49
指定都市・中核市等,65,北九州市,130,13398,0,0,0
指定都市・中核市等,66,福岡市,149,21109,0,0,0
指定都市・中核市等,67,熊本市,95,8082,0,3,-3
指定都市・中核市等,68,函館市,70,3002,9,2,7
指定都市・中核市等,69,旭川市,99,3576,0,0,0
指定都市・中核市等,70,青森市,50,3551,0,0,0
指定都市・中核市等,71,八戸市,52,2168,0,0,0
指定都市・中核市等,72,盛岡市,70,2877,47,10,37
指定都市・中核市等,73,秋田市,61,2532,38,15,23
指定都市・中核市等,74,山形市,86,4054,0,0,0
指定都市・中核市等,75,福島市,84,3899,2,3,-1
指定都市・中核市等,76,郡山市,78,4963,49,72,-23
指定都市・中核市等,77,いわき市,89,3798,13,35,-22
指定都市・中核市等,78,水戸市,56,5847,0,0,0
指定都市・中核市等,79,宇都宮市,70,7341,0,0,0
指定都市・中核市等,80,前橋市,85,5587,7,14,-7
指定都市・中核市等,81,高崎市,105,4551,0,0,0
指定都市・中核市等,82,川越市,36,3922,0,0,0
指定都市・中核市等,83,川口市,52,6277,0,0,0
指定都市・中核市等,84,越谷市,61,3711,208,395,-187
指定都市・中核市等,85,船橋市,103,5880,157,219,-62
指定都市・中核市等,86,柏市,45,4931,147,131,16
指定都市・中核市等,87,八王子市,91,6656,0,0,0
指定都市・中核市等,88,横須賀市,83,2866,30,44,-14
指定都市・中核市等,89,富山市,135,6929,19,42,-23
指定都市・中核市等,90,金沢市,111,5933,22,24,-2
指定都市・中核市等,91,福井市,85,3527,0,0,0
指定都市・中核市等,92,甲府市,39,1875,0,0,0
指定都市・中核市等,93,長野市,82,9190,0,0,0
指定都市・中核市等,94,松本市,40,3943,0,0,0
指定都市・中核市等,95,岐阜市,46,4041,26,46,-20
指定都市・中核市等,96,豊橋市,105,3979,52,70,-18
指定都市・中核市等,97,岡崎市,55,3540,142,153,-11
指定都市・中核市等,98,一宮市,60,3592,9,20,-11
指定都市・中核市等,99,豊田市,75,4685,0,0,0
指定都市・中核市等,100,大津市,76,4826,0,0,0
指定都市・中核市等,101,豊中市,38,5364,0,0,0
指定都市・中核市等,102,吹田市,35,5926,6,97,-91
指定都市・中核市等,103,高槻市,81,4237,17,34,-17
指定都市・中核市等,104,枚方市,44,4445,4,2,2
指定都市・中核市等,105,八尾市,32,4189,0,0,0
指定都市・中核市等,106,寝屋川市,23,2354,0,0,0
指定都市・中核市等,107,東大阪市,57,4663,197,136,61
指定都市・中核市等,108,姫路市,129,4736,255,225,30
指定都市・中核市等,109,尼崎市,82,3447,323,269,54
指定都市・中核市等,110,明石市,28,4483,0,0,0
指定都市・中核市等,111,西宮市,122,5056,218,174,44
指定都市・中核市等,112,奈良市,47,4817,0,0,0
指定都市・中核市等,113,和歌山市,103,3887,0,0,0
指定都市・中核市等,114,鳥取市,78,3288,0,0,0
指定都市・中核市等,115,松江市,85,3369,49,46,3
指定都市・中核市等,116,倉敷市,65,6512,32,45,-13
指定都市・中核市等,117,呉市,41,2789,0,0,0
指定都市・中核市等,118,福山市,72,6850,0,0,0
指定都市・中核市等,119,下関市,38,2511,86,217,-131
指定都市・中核市等,120,高松市,90,5460,140,93,47
指定都市・中核市等,121,松山市,58,6673,132,130,2
指定都市・中核市等,122,高知市,88,3992,56,119,-63
指定都市・中核市等,123,久留米市,48,4263,0,0,0
指定都市・中核市等,124,長崎市,96,6993,0,0,0
指定都市・中核市等,125,佐世保市,74,2708,0,6,-6
指定都市・中核市等,126,大分市,71,5952,19,8,11
指定都市・中核市等,127,宮崎市,63,4884,175,173,2
指定都市・中核市等,128,鹿児島市,231,9317,41,59,-18
指定都市・中核市等,129,那覇市,120,5780,107,71,36
